key,en,ar
landing.header.login,Company login,Ø¯Ø®ÙˆÙ„ Ø§Ù„Ø´Ø±ÙƒØ§Øª
landing.header.title,Hire by yourself with less time,ÙˆØ¸Ù Ø¨Ù†ÙØ³Ùƒ ØŒ ÙˆØ¨Ø£Ù‚Ù„ ÙˆÙ‚Øª
landing.header.description,Start with us for FREE,Ø¥Ø¨Ø¯Ø£ Ù…Ø¹Ù†Ø§ Ù…Ø¬Ø§Ù†Ø§
landing.header.button.create,Post a job,Ø§Ø¹Ù„Ù† Ø¹Ù† ÙˆØ¸ÙŠÙØ©
landing.header.button.sub_text,,
landing.header.made_with,MADE WITH LOVE,ØµÙ†Ø¹ Ø¨Ø­Ø¨ 
landing.header.made_from,in Saudi ARABIA,ÙÙŠ Ø§Ù„Ø³Ø¹ÙˆØ¯ÙŠØ©
landing.header.jobs_available,"To apply on jobs, download our app",Ù„Ù„ØªÙ‚Ø¯ÙŠÙ… Ø¹Ù„Ù‰ Ø§Ù„ÙˆØ¸Ø§Ø¦Ù ØŒ Ø­Ù…Ù„ ØªØ·Ø¨ÙŠÙ‚Ù†Ø§
landing.section.title.trust,Customers who TRUSTED us,Ø§Ù„Ø¹Ù…Ù„Ø§Ø¡ Ø§Ù„Ø°ÙŠÙ† ÙˆØ«Ù‚ÙˆØ§ Ø¨Ù†Ø§
landing.section.title.why,Why to post on Fursatak app ?,Ù„Ù…Ø§Ø°Ø§ ØªØ¹Ù„Ù† Ø¹Ù„Ù‰ ØªØ·Ø¨ÙŠÙ‚ ÙØ±ØµØªÙƒ ØŸ
landing.section.features.title.easy_to_use,Easy to use,Ø³Ù‡Ù„ Ø§Ù„Ø§Ø³ØªØ®Ø¯Ø§Ù…
landing.section.features.title.videos,See the candidiates,Ø±Ø¤ÙŠØ© Ø§Ù„Ù…Ø±Ø´Ø­ÙŠÙ†
landing.section.features.title.effictive,Filter efficiently,ØªØµÙÙŠØ© Ø¨ÙƒÙØ§Ø¡Ø© Ø¹Ø§Ù„ÙŠØ©
landing.section.features.title.co_workers,Invite co-workers,Ù‚Ù… Ø¨Ø¯Ø¹ÙˆØ© Ø²Ù…Ù„Ø§Ø¦Ùƒ
landing.section.features.title.privacy,Privacy,Ø§Ù„Ø®ØµÙˆØµÙŠØ©
landing.section.features.title.website,Get a website,Ø£Ø­ØµÙ„ Ø¹Ù„Ù‰ Ù…ÙˆÙ‚Ø¹ Ø§Ù„ÙƒØªØ±ÙˆÙ†ÙŠ
landing.section.features.title.people_around,People around you,Ù…Ø±Ø´Ø­ÙŠÙ† Ø¨Ø§Ù„Ù‚Ø±Ø¨ Ù…Ù†Ùƒ
landing.section.features.title.redirect_link,Redirect to link,Ø§Ù„ØªÙˆØ¬ÙŠÙ‡ Ø§Ù„Ù‰ Ø±Ø§Ø¨Ø·
landing.section.features.description.easy_to_use,"We offer you a verity of powerful tools to sort, filter, evaluate and hire fit candidates easily.",Ù†ÙˆÙØ± Ù…Ø¬Ù…ÙˆØ¹Ø© Ù…Ù† Ø§Ù„Ø£Ø¯ÙˆØ§Øª Ø§Ù„ÙØ¹Ø§Ù„Ø© Ù„Ù„ÙØ±Ø² ØŒ ÙˆØ§Ù„ØªØµÙÙŠØ© ØŒ ÙˆØªÙ‚ÙŠÙ… ÙˆØªÙˆØ¸ÙŠÙ Ø§Ù„Ù…Ø±Ø´Ø­ÙŠÙ† Ø§Ù„Ù…Ù†Ø§Ø³Ø¨ÙŠÙ† Ø¨Ø³Ù‡ÙˆÙ„Ø©.
landing.section.features.description.videos,"Now, you are able see real persons and analyse their personality and test their skills and knowledge.",Ø§Ù„Ø¢Ù† ØŒ Ø¨Ø¥Ø³ØªØ·Ø§Ø¹ØªÙƒ Ù…Ø´Ø§Ù‡Ø¯Ø© Ø§Ø´Ø®Ø§Øµ Ø­Ù‚ÙŠÙ‚ÙŠÙŠÙ† ÙˆØªØ­Ù„ÙŠÙ„ Ø´Ø®ØµÙŠØ§ØªÙ‡Ù… ÙˆØ§Ø®ØªØ¨Ø§Ø± Ù…Ù‡Ø§Ø±Ø§ØªÙ‡Ù… ÙˆÙ…Ø¹Ø±ÙØªÙ‡Ù….
landing.section.features.description.effictive,"Filter-out unwanted applications, using built-in criteria such as age, gender ..etc. Or, build your own evaluation questions.",ÙÙ„ØªØ±Ø© Ø§Ù„Ø·Ù„Ø¨Ø§Øª Ø§Ù„ØºÙŠØ± Ù…Ø±ØºÙˆØ¨ Ø¨Ù‡Ø§ Ø¹Ù† Ø·Ø±ÙŠÙ‚ Ù…Ø¹Ø§ÙŠÙŠØ± Ù…Ø«Ù„ Ø§Ù„Ø¹Ù…Ø± Ø£Ùˆ Ø§Ù„Ø¬Ù†Ø³ ..Ø¥Ù„Ø®. Ø£Ùˆ ÙŠÙ…ÙƒÙ†Ùƒ Ø¨Ù†Ø§Ø¡ Ø£Ø³Ø¦Ù„ØªÙƒ Ø§Ù„Ø®Ø§ØµØ© Ù„Ù„ØªÙ‚ÙŠÙŠÙ….
landing.section.features.description.co_workers,We realized that team collaboration in companies leads to successful hiring process. Here you are !,Ù†Ø¯Ø±Ùƒ Ø§Ù† Ù†Ø¬Ø§Ø­ Ø¹Ù…Ù„ÙŠØ© Ø§Ù„ØªÙˆØ¸ÙŠÙ ÙÙŠ Ø§Ù„Ø´Ø±ÙƒØ§Øª Ù…Ø±Ù‡ÙˆÙ†Ø© Ø¨ØªØ¹Ø§ÙˆÙ† ÙØ±ÙŠÙ‚ Ø§Ù„Ø¹Ù…Ù„ Ø¯Ø§Ø®Ù„ Ø§Ù„Ø´Ø±Ùƒ. Ø¥Ù„ÙŠÙƒ Ø°Ù„Ùƒ !
landing.section.features.description.privacy,Your business and candidates data is highly confidencial. Only you can see it.,Ø¨ÙŠØ§Ù†Ø§ØªÙƒ Ù…Ù†Ø´Ø£ØªÙƒ ÙˆØ§Ù„Ù…ØªÙ‚Ø¯Ù…ÙŠÙ† Ø¹Ù„Ù‰ Ø§Ù„ÙˆØ¸Ø§Ø¦Ù Ø§Ù„ØªÙŠ ØªØ·Ø±Ø­Ù‡Ø§  ÙÙŠ Ø³Ø±ÙŠØ© ØªØ§Ù…Ø© ØŒ Ø£Ù†Øª ÙˆØ­Ø¯Ùƒ Ù…Ù† ÙŠØ³ØªØ·ÙŠØ¹ Ù…Ø´Ø§Ù‡Ø¯ØªÙ‡Ø§.
landing.section.features.description.website,Need to build a career page for your campany and integrate it with your website ? here you go !,Ù‡Ù„ ØªÙˆØ¯ Ø¨Ù†Ø§Ø¡ ØµÙØ­Ø© ØªÙˆØ¸ÙŠÙ Ø®Ø§ØµØ© Ù„Ø´Ø±ØªÙƒ ÙˆØ¯Ù…Ø¬Ù‡Ø§ Ù…Ø¹ Ø§Ù„Ù…ÙˆÙ‚Ø¹ Ø§Ù„Ø¥Ù„ÙƒØªØ±ÙˆÙ†ÙŠ ØŸ ØªÙØ¶Ù„ !
landing.section.features.description.people_around,See people near to your business first. We know this highly matters to you and to them !,Ø´Ø§Ù‡Ø¯ Ø§Ù„Ø£Ø´Ø®Ø§Øµ Ø§Ù„Ù‚Ø±ÙŠØ¨ÙŠÙ† Ù…Ù† Ù…Ù‚Ø±Ùƒ Ø£ÙˆÙ„Ø§. Ù†Ø¹Ù„Ù… Ø§Ù† Ø°Ù„Ùƒ Ù…Ù‡Ù… Ø¨Ø§Ù„Ù†Ø³Ø¨Ø© Ù„Ùƒ ÙˆÙ„Ù‡Ù… !
landing.section.features.description.redirect_link,"Having your own career website ? No problem , post on our app and let applicants go to your website.",Ù„Ø¯ÙŠÙƒ Ù…ÙˆÙ‚Ø¹ ØªÙˆØ¸ÙŠÙ Ø®Ø§Øµ Ø¨Ùƒ ØŸ Ù„Ø§Ù…Ø´ÙƒÙ„Ø© ØŒ Ø§Ø¹Ù„Ù† Ø¹Ù† ÙˆØ¸ÙŠÙØ© Ø¹Ù„Ù‰ ØªØ·Ø¨ÙŠÙ‚Ù†Ø§ ÙˆØ§Ø¬Ø¹Ù„ Ø§Ù„Ù…ØªÙ‚Ø¯Ù…ÙŠÙ† ÙŠØ°Ù‡Ø¨ÙˆÙ† Ø§Ù„Ù‰ Ù…ÙˆÙ‚Ø¹Ùƒ.
landing.footer.about,"â€œFursatakâ€ is trademark owned by Education by Work co. and officially registered with Ministry of Commerce in Kingdom of Saudi Arabia with a CR#2053115777

","""ÙØ±ØµØªÙƒ"" Ù‡ÙŠ Ø¹Ù„Ø§Ù…Ø© ØªØ¬Ø§Ø±ÙŠØ© Ù…Ù…Ù„ÙˆÙƒØ© Ù„Ù…Ø¤Ø³Ø³Ø© Ø§Ù„ØªØ¹Ù„Ù… Ø¨Ø§Ù„Ø¹Ù…Ù„ Ù„Ù„Ù…ÙˆØ§Ø±Ø¯ Ø§Ù„Ø¨Ø´Ø±ÙŠØ© ÙˆÙ…Ø³Ø¬Ù„Ø© Ø±Ø³Ù…ÙŠØ§ Ø¨ÙˆØ²Ø§Ø© Ø§Ù„ØªØ¬Ø§Ø±Ø© Ø¨Ø§Ù„Ù…Ù…Ù„ÙƒØ© Ø§Ù„Ø¹Ø±Ø¨ÙŠØ© Ø§Ù„Ø³Ø¹ÙˆØ¯ÙŠØ© Ø¨Ø³Ø¬Ù„ ØªØ¬Ø§Ø±ÙŠ Ø±Ù‚Ù… 2053115777"
landing.footer.vision_title,Our vision,Ø±Ø¤ÙŠØªÙ†Ø§
landing.footer.vision,We aspire to be the #1 digital platform in human resources (HR) in Kingdom of Saudi Arabia & take the standards to the next level.,Ù†Ø·Ù…Ø­ Ù„Ø£Ù† Ù†ÙƒÙˆÙ† Ø§Ù„Ù…Ù†ØµØ© Ø§Ù„Ø±Ù‚Ù…ÙŠØ© Ø±Ù‚Ù… 1 ÙÙŠ Ø§Ù„Ù…Ù…Ù„ÙƒØ© Ø§Ù„Ø¹Ø±Ø¨ÙŠØ© Ø§Ù„Ø³Ø¹ÙˆØ¯ÙŠØ© ÙÙŠ Ù…Ø¬Ø§Ù„ Ø§Ù„Ù…ÙˆØ§Ø±Ø¯ Ø§Ù„Ø¨Ø´Ø±ÙŠØ© ÙˆØ£Ù† Ù†Ø±ØªÙ‚ÙŠ Ø¨Ø§Ù„Ù…Ø¹Ø§ÙŠÙŠØ± Ø¥Ù„Ù‰ Ù…Ø³ØªÙˆÙ‰ Ø£Ø¹Ù„Ù‰.
landing.footer.links.privacy,Privacy policy,Ø³ÙŠØ§Ø³Ø© Ø§Ù„Ø®ØµÙˆØµÙŠØ©
landing.footer.links.terms,Terms of use,Ø´Ø±ÙˆØ· Ø§Ù„Ø§Ø³ØªØ®Ø¯Ø§Ù… 
landing.footer.links.faq,FAQ,Ø§Ù„Ø£Ø³Ø¦Ù„Ø© Ø§Ù„Ø´Ø§Ø¦Ø¹Ø©
landing.footer.copyright,Â© 2020 Fursatak - All Rights Reserved,Â© Ø¬Ù…ÙŠØ¹ Ø§Ù„Ø­Ù‚ÙˆÙ‚ Ù…Ø­ÙÙˆØ¸Ù‡ - ÙØ±ØµØªÙƒ 2020
,,
login.forget_password,Forget password ?,Ù‡Ù„ Ù†Ø³ÙŠØª ÙƒÙ„Ù…Ø© Ø§Ù„Ù…Ø±ÙˆØ±ØŸ
forget_password.title,Forget Password,Ù†Ø³ÙŠØª ÙƒÙ„Ù…Ø© Ø§Ù„Ø³Ø±
,,
header.have_account,Do you have an account?,Ù‡Ù„ Ù„Ø¯ÙŠÙƒ Ø­Ø³Ø§Ø¨ ØŸ
heder.dont_have_account,Donâ€™t have an account?,Ù„ÙŠØ³ Ù„Ø¯ÙŠÙƒ Ø­Ø³Ø§Ø¨ ØŸ
header.registration,Register now,Ù‚Ù… Ø¨Ø§Ù„ØªØ³Ø¬ÙŠÙ„ Ø§Ù„Ø¢Ù†
header.login,Login,ØªØ³Ø¬ÙŠÙ„ Ø§Ù„Ø¯Ø®ÙˆÙ„
,,
registration.company_data_title,Enter company data,Ù‚Ù… Ø¨Ø¥Ø¯Ø®Ø§Ù„ Ø¨ÙŠØ§Ù†Ø§Øª Ø§Ù„Ø´Ø±ÙƒÙ‡
registration.personal_date_title,Enter autherized person data,Ù‚Ù… Ø¨Ø¥Ø¯Ø®Ø§Ù„ Ø¨ÙŠØ§Ù†Ø§ØªÙƒ Ø§Ù„Ø´Ø®Øµ Ø§Ù„Ù…ÙÙˆØ¶
,,
dashboard.plan.my_job.name,Job posts,Ø¥Ø¹Ù„Ø§Ù†Ø§Øª Ø§Ù„ÙˆØ¸Ø§Ø¦Ù
dashboard.plan.my_job.description,"View, add & manage your job posts","Ø§Ø³ØªØ¹Ø±Ø§Ø¶, Ø§Ø¶Ø§ÙÙ‡ ÙˆØ¥Ø¯Ø§Ø±Ø© Ø§Ø¹Ù„Ø§Ù†Ø§ØªÙƒ Ø§Ù„ÙˆØ¸ÙŠÙÙŠØ©"
dashboard.plan.membership.name,Your website,Ù…ÙˆÙ‚Ø¹Ùƒ Ø§Ù„Ø¥Ù„ÙƒØªØ±ÙˆÙ†ÙŠ
dashboard.plan.membership.description,"View and manage your website. you can update logo, change colors & more",Ù…Ø´Ø§Ù‡Ø¯Ø© ÙˆØ¥Ø¯Ø§Ø±Ø© Ù…ÙˆÙ‚Ø¹Ùƒ Ø§Ù„Ø¥Ù„ÙƒØªØ±ÙˆÙ†ÙŠ. ÙŠÙ…ÙƒÙ†Ùƒ ØªØ­Ø¯ÙŠØ« Ø§Ù„Ø´Ø¹Ø§Ø± Ø§Ù„Ø®Ø§Øµ Ø¨Ø´Ø±ÙƒØªÙƒ Ùˆ ØªØºÙŠÙŠØ± Ø§Ù„Ø£Ù„ÙˆØ§Ù† ÙˆØ§Ù„ÙƒØ«ÙŠØ± Ù…Ù† Ø§Ù„Ø®ØµØ§Ø¦Øµ Ø§Ù„Ø§Ø®Ø±Ù‰.
dashboard.plan.coworkers.name,Co-workers,Ø²Ù…Ù„Ø§Ø¡ Ø§Ù„Ø¹Ù…Ù„
dashboard.plan.coworkers.description,"Invite, delete and change permissions of co-workers",Ù‚Ù… Ø¨Ø¯Ø¹ÙˆØ© Ø£Ùˆ Ø­Ø°Ù Ø£Ùˆ ØªØºÙŠÙŠØ± Ø§Ù„ØµÙ„Ø§Ø­ÙŠØ§Øª Ø§Ù„Ù…Ù…Ù†ÙˆØ­Ø© Ù„Ø²Ù…Ù„Ø§Ø¡ Ø§Ù„Ø¹Ù…Ù„.
dashboard.plan.settings.name,Settings,Ø§Ù„Ø¥Ø¹Ø¯Ø§Ø¯Ø§Øª
dashboard.plan.settings.description,"Modify company profile, membership, users, password, ... and more !",Ù‚Ù… Ø¨Ø§Ù„ØªØ¹Ø¯ÙŠÙ„ Ø¹Ù„Ù‰ Ù…Ù„Ù Ø§Ù„Ø´Ø±ÙƒØ© Ø£Ùˆ Ù†ÙˆØ¹ Ø§Ù„Ø¹Ø¶ÙˆÙŠØ© Ø£Ùˆ Ø§Ù„Ù…Ø³ØªØ®Ø¯Ù…ÙŠÙ† Ø£Ùˆ ÙƒÙ„Ù…Ø© Ø§Ù„Ù…Ø±ÙˆØ± ... ÙˆØ§Ù„Ù…Ø²ÙŠØ¯ !
dashboard.plan.upgrade.name,Upgrade your account,Ù‚Ù… Ø¨ØªØ±Ù‚ÙŠÙ‡ Ø­Ø³Ø§Ø¨Ùƒ
dashboard.plan.upgrade.description,"Get a career website, invite co-workers and enjoy unlimited premium features with no extra costs.","Ø£Ø­ØµÙ„ Ù…ÙˆÙ‚Ø¹ Ø¥Ù„ÙƒØªØ±ÙˆÙ†ÙŠ Ù„Ù„ØªÙˆØ¸ÙŠÙ, ÙˆØ£Ø¯Ø¹ÙˆØ§ Ø²Ù…Ù„Ø§Ø¦Ùƒ Ø¨Ø§Ù„Ø¹Ù…Ù„ Ù…Ø¹Ùƒ Ùˆ Ø§Ø³ØªÙ…ØªØ¹ Ø¨Ø§Ù„Ù…Ù…ÙŠØ²Ø§Øª Ø§Ù„Ù…Ø¯ÙÙˆØ¹Ø© Ø¨Ø¯ÙˆÙ† ØªÙƒØ§Ù„ÙŠÙ Ø§Ø¶Ø§ÙÙŠØ©."
dashboard.activate_user_email,Please check your email for activation,Ù…Ù† ÙØ¶Ù„Ùƒ ØªØ­Ù‚Ù‚ Ù…Ù† Ø±Ø§Ø¨Ø· Ø§Ù„ØªÙØ¹ÙŠÙ„ Ø§Ù„Ù…Ø±Ø³Ù„ Ø¹Ù„Ù‰  Ø¨Ø±ÙŠØ¯Ùƒ Ø§Ù„Ø§Ù„ÙƒØªØ±ÙˆÙ†ÙŠ
dashboard.good_afternoon,Good afternoon,Ù…Ø³Ø§Ø¡ Ø§Ù„Ø®ÙŠØ± 
dashboard.good_evening,Good evening,Ù…Ø³Ø§Ø¡ Ø§Ù„Ø®ÙŠØ± 
dashboard.good_morning,Good morning,ØµØ¨Ø§Ø­ Ø§Ù„Ø®ÙŠØ±
dashboard.click_to_buy,Click here to buy,Ø§Ø¶ØºØ· Ù‡Ù†Ø§ Ù„Ù„Ø´Ø±Ø§Ø¡
dashboard.pro_account_expire_date,Will expire after {{expireDays}} days,Ø³ÙŠØªÙ… Ø§Ù†ØªÙ‡Ø§Ø¡ Ø§Ù„Ø§Ø´ØªØ±Ø§Ùƒ Ø¨Ø¹Ø¯ {{expireDays}} ÙŠÙˆÙ…
,,
settings.menu.membership,Membership & Subscriptions,Ø§Ù„Ø¹Ø¶ÙˆÙŠØ© ÙˆØ§Ù„Ø¥Ø´ØªØ±Ø§ÙƒØ§Øª
settings.menu.company_profile,Company profile,Ø­Ø³Ø§Ø¨ Ø§Ù„Ø´Ø±ÙƒØ©
settings.menu.user_profile,User profile (you),Ø­Ø³Ø§Ø¨ Ø§Ù„Ù…Ø³ØªØ®Ø¯Ù… (Ø£Ù†Øª)
settings.menu.password,Change password,ØªØºÙŠÙŠØ± ÙƒÙ„Ù…Ø© Ø§Ù„Ù…Ø±ÙˆØ±
settings.membership.free,Free,Ù…Ø¬Ø§Ù†Ø§
settings.membership.pro,Professional,Ø§Ø­ØªØ±Ø§ÙÙŠ
settings.current_membership_text,Your current membership is,Ø¹Ø¶ÙˆÙŠØªÙƒ Ø§Ù„Ø­Ø§Ù„ÙŠÙ‡ Ù‡ÙŠ 
,,
job.search,Search ...,Ø¨Ø­Ø«
job.tab_head.title,Job title,Ø§Ù„Ù…Ø³Ù…Ù‰ Ø§Ù„ÙˆØ¸ÙŠÙÙŠ
job.tab_head.date,Date,Ø§Ù„ØªØ§Ø±ÙŠØ®
job.tab_head.status,Status,Ø§Ù„Ø­Ø§Ù„Ø©
job.tab_head.applications,Applications,Ø§Ù„Ø·Ù„Ø¨Ø§Øª
job.tab_head.action,Take action,Ø§ØªØ®Ø§Ø° Ø§Ø¬Ø±Ø§Ø¡
job.tab_head.note,write a note (Only seen by you),Ø£ÙƒØªØ¨ Ù…Ù„Ø§Ø­Ø¸Ø© (ØªØ¸Ù‡Ø± Ù„Ùƒ ÙÙ‚Ø·)
job.add_job.step1.title,Start posting on Fursatak APP,Ø¥Ø¨Ø¯Ø£ Ø¨Ø§Ù„Ø§Ø¹Ù„Ø§Ù† Ø¹Ù„Ù‰ ØªØ·Ø¨ÙŠÙ‚ ÙØ±ØµØªÙƒ
job.add_job.step1.description,How to apply on the job ?,ÙƒÙŠÙ ÙŠÙ…ÙƒÙ† Ø§Ù„ØªÙ‚Ø¯ÙŠÙ… Ø¹Ù„Ù‰ Ø§Ù„ÙˆØ¸ÙŠÙØ© ØŸ
job.add_job.step3.title,"See videos, Sort, Filter, Evaluate and Get more information about candidates",ØªØ³Ø¬ÙŠÙ„ ÙÙŠØ¯ÙŠÙˆ ØŒ ÙØ±Ø² ØŒ ØªÙ‚ÙŠÙŠÙ… ØŒ ÙÙ„ØªØ±Ø© ÙˆØ§Ù„Ø­ØµÙˆÙ„ Ø¹Ù„Ù‰ Ø§Ù„Ù…Ø²ÙŠØ¯ Ù…Ù† Ø§Ù„Ø¨ÙŠØ§Ù†Ø§Øª Ø¹Ù† Ø§Ù„Ù…Ø±Ø´Ø­ÙŠÙ†
job.add_job.step3.description,Add more tools to enhance hiring process ğŸ‘,Ù‚Ù… Ø¨Ø¥Ø¶Ø§ÙØ© Ø§Ù„Ù…Ø²ÙŠØ¯ Ù…Ù† Ø§Ù„Ø£Ø¯ÙˆØ§Øª Ù„ØªØ­Ø³ÙŠÙ† Ø¹Ù…Ù„ÙŠØ© Ø§Ù„ØªÙˆØ¸ÙŠÙ ğŸ‘
job.add_job.step4.title,One last step to finish,ØªØ¨Ù‚Ù‰ Ø®Ø·ÙˆØ© ÙˆØ§Ø­Ø¯Ø©
job.add_job.step4.description,Setup added tools,Ù‚Ù… Ø¨Ø§Ø¹Ø¯Ø§Ø¯ Ø§Ù„Ø£Ø¯ÙˆØ§Øª Ø§Ù„ØªÙŠ ØªÙ… Ø§Ø¶Ø§ÙØªÙ‡Ø§
job.add_job.step4.section_title.basic,,
job.add_job.step4.section_title.tools,,
job.add_job.type.app.title,Via Fursatak app,Ø¹Ù† Ø·Ø±ÙŠÙ‚ ØªØ·Ø¨ÙŠÙ‚ ÙØ±ØµØªÙƒ
job.add_job.type.app.desc,"We recommend this option. You will get a control panel and tools to Sort, Filter, Evaluate. You can choose the most fit candidiase easily.",Ù†Ù†ØµØ­ Ø¨Ù‡Ø°Ø§ Ø§Ù„Ø®ÙŠØ§Ø±ØŒ Ø³ÙˆÙ ØªØ­ØµÙ„ Ø¹Ù„Ù‰ Ù„ÙˆØ­Ø© ØªØ­ÙƒÙ… Ù„Ø¥Ø¯Ø§Ø±Ø© Ø§Ù„Ø·Ù„Ø¨Ø§Øª Ù…Ø¹ Ø§Ø¯ÙˆØ§Øª Ù„Ù„ÙØ±Ø² ÙˆØ§Ù„ÙÙ„ØªØ±Ø© ÙˆØ§Ù„ØªÙ‚ÙŠÙŠÙ… ÙˆÙŠÙ…ÙƒÙ†Ùƒ Ø¨ÙƒÙ„ Ø³Ù‡ÙˆÙ„Ø© Ø§Ø®ØªÙŠØ§Ø± Ø§Ù„Ù…Ø±Ø´Ø­ÙŠÙ† Ø§Ù„Ø£Ù†Ø³Ø¨.
job.add_job.type.email.title,Via email,Ø¹Ù† Ø·Ø±ÙŠÙ‚ Ø§Ù„Ø¨Ø±ÙŠØ¯ Ø§Ù„Ø§Ù„ÙƒØªØ±ÙˆÙ†ÙŠ
job.add_job.type.email.desc,Be aware that your email will be publicly visible to let candidates send their application. Pick this choice if you want to.,ÙƒÙ† Ø¹Ù„Ù‰ Ø¹Ù„Ù… Ø¨Ø£Ù† Ø¨Ø±ÙŠØ¯Ùƒ Ø§Ù„Ø¥Ù„ÙƒØªØ±ÙˆÙ†ÙŠ Ø³ÙŠÙƒÙˆÙ† Ù…Ø±Ø¦ÙŠÙ‹Ø§ Ù„Ù„Ø¬Ù…ÙŠØ¹ Ù„Ù„Ø³Ù…Ø§Ø­ Ù„Ù„Ù…Ø±Ø´Ø­ÙŠÙ† Ø¨Ø¥Ø±Ø³Ø§Ù„ Ø·Ù„Ø¨Ø§ØªÙ‡Ù…. Ø§Ø®ØªØ± Ù‡Ø°Ø§ Ø§Ù„Ø§Ø®ØªÙŠØ§Ø± Ø¥Ø°Ø§ ÙƒÙ†Øª ØªØ±ÙŠØ¯ Ø°Ù„Ùƒ.
job.add_job.type.link.title,Via link,Ø¹Ù† Ø·Ø±ÙŠÙ‚ Ø±Ø§Ø¨Ø·
job.add_job.type.link.desc,Ideal for companies who have their online recruitment system. Choose this option to direct application the the job post link on your website.,Ù…Ù†Ø§Ø³Ø¨ Ù„Ù„Ø´Ø±ÙƒØ§Øª Ø§Ù„ØªÙŠ Ù„Ø¯ÙŠÙ‡Ø§ Ù†Ø¸Ø§Ù… Ø§Ù„ÙƒØªØ±ÙˆÙ†ÙŠ Ù„Ù„ØªÙˆØ¸ÙŠÙ. Ø§Ø®ØªØ± Ù‡Ø°Ø§ Ø§Ù„Ø®ÙŠØ§Ø± Ù„ØªÙˆØ¬ÙŠÙ‡ Ø·Ù„Ø¨Ø§Øª Ø§Ù„ØªÙ‚Ø¯ÙŠÙ… Ø¹Ù„Ù‰ Ø§Ù„Ø±Ø§Ø¨Ø· Ø§Ù„Ø®Ø§Øµ Ø¨Ø§Ù„Ø¥Ø¹Ù„Ø§Ù† Ø§Ù„ÙˆØ¸ÙŠÙÙŠ Ø§Ù„Ø®Ø§Øµ Ø¨Ø§Ù„ØªÙ‚Ø¯ÙŠÙ….
job.add_job.start_with,Starts with,ØªØ¨Ø¯Ø£ Ø¨Ù€
job.add_job.video.title,Video uploading tool,Ø£Ø¯Ø§Ù‡ Ø§Ø±ÙØ§Ù‚ Ø§Ù„ÙÙŠØ¯ÙŠÙˆ
job.add_job.video.description,"With this tool, you are able request videos of real persons and analyse their personality and test their skills and knowledge.",Ø¨Ø§Ø³ØªØ®Ø¯Ø§Ù… Ù‡Ø°Ù‡ Ø§Ù„Ø£Ø¯Ø§Ø© ØŒ ÙŠÙ…ÙƒÙ†Ùƒ Ø·Ù„Ø¨ Ù…Ù‚Ø§Ø·Ø¹ ÙÙŠØ¯ÙŠÙˆ Ù„Ø£Ø´Ø®Ø§Øµ Ø­Ù‚ÙŠÙ‚ÙŠÙŠÙ† ÙˆØªØ­Ù„ÙŠÙ„ Ø´Ø®ØµÙŠØªÙ‡Ù… ÙˆØ§Ø®ØªØ¨Ø§Ø± Ù…Ù‡Ø§Ø±Ø§ØªÙ‡Ù… ÙˆÙ…Ø¹Ø±ÙØªÙ‡Ù….
job.add_job.evaluation.title,Evaluation tool,Ø£Ø¯Ø§Ø© Ø§Ù„ØªÙ‚ÙŠÙŠÙ…
job.add_job.evaluation.description,"Use this tool to evaluate any skill or knowledge in a scle from 0 to 5. Examples: Level of English, Leadership skill, Using MS Excel â€¦etc. Plus, filter by minimum score you assigned.",Ø§Ø³ØªØ®Ø¯Ù… Ù‡Ø°Ù‡ Ø§Ù„Ø£Ø¯Ø§Ù‡ Ù„ØªÙ‚ÙŠÙŠÙ… Ø§ÙŠ Ù…Ù‡Ø§Ø±Ø© Ø£Ùˆ Ù…Ø¹Ø±ÙØ© Ø¨Ù…Ù‚ÙŠØ§Ø³ Ù…Ù† 0 Ø§Ù„Ù‰ 5. Ù…Ø«Ù„Ø§ : Ù…Ø³ØªÙˆÙ‰ Ø§Ù„Ù„ØºØ© Ø§Ù„Ø§Ù†Ø¬Ù„ÙŠØ²ÙŠØ© ØŒ Ù…Ù‡Ø§Ø±Ø§Øª Ø§Ù„Ù‚ÙŠØ§Ø¯Ø© ØŒ Ø§Ø³ØªØ®Ø¯Ø§Ù… Ø¨Ø±Ù†Ø§Ù…Ø¬ Ø§Ù„Ø§ÙƒØ³Ù„ ... Ø§Ù„Ø®. ÙƒØ°Ù„Ùƒ ÙŠÙ…ÙƒÙ† ØªØµÙÙŠØ© Ø§Ù„Ù†ØªØ§Ø¦Ø¬ Ø¨Ù†Ø§Ø¡ Ø¹Ù„Ù‰ Ø§Ù„Ù†Ù‚Ø§Ø· Ø§Ù„Ø£Ø¯Ù†Ù‰ Ø§Ù„Ù…Ù‚Ø¨ÙˆÙ„Ø© ÙˆØ§Ù„ØªÙŠ ØªØ­Ø¯Ø¯ØªÙ‡Ø§ Ø§Ù†Øª.
job.add_job.selection.title,Selection tool,Ø£Ø¯Ø§Ø© Ø§Ù„Ø§Ø®ØªÙŠØ§Ø±
job.add_job.selection.description,"Ask questions with one selection allowed or multiple. Examples: Yes/No, Selecting profissional certificates, making a personal test or technical quiz â€¦etc. Also, apply filters based on answers.","Ù‚Ù… Ø¨Ø·Ø±Ø­ Ø§Ù„Ø£Ø³Ø¦Ù„Ù‡ Ø§Ø®ØªÙŠØ§Ø± Ù…ØªØ¹Ø¯Ø¯ Ø£Ùˆ Ø§Ø®ØªÙŠØ§Ø± ÙˆØ§Ø­Ø¯. Ù…Ø«Ù„Ø§ : Ù†Ø¹Ù…/Ù„Ø§ , Ø§Ø®ØªÙŠØ§Ø± Ø§Ù„Ø´Ù‡Ø§Ø¯Ø§Øª Ø§Ù„Ø§Ø­ØªØ±Ø§ÙÙŠÙ‡ Ø£Ùˆ Ø§Ø¹Ø¯Ø§Ø¯ Ø§Ø®ØªØ¨Ø§Ø±Ø§Øª Ø´Ø®ØµÙŠÙ‡ Ø£Ùˆ Ø§Ø®ØªØ¨Ø§Ø±Ø§Øª ÙÙ†ÙŠØ©... Ø§Ù„Ø®. ÙƒÙ…Ø§ ÙŠÙ…ÙƒÙ†Ùƒ ØªØµÙÙŠØ© Ø§Ù„Ù…Ø±Ø´Ø­ÙŠÙ† Ø¨Ù†Ø§Ø¡ Ø¹Ù„Ù‰ Ø§Ø¬Ø§Ø¨Ø§ØªÙ‡Ù…."
job.add_job.people_nearby.title,People nearby,Ø§Ù„Ø£Ø´Ø®Ø§Øµ Ø§Ù„Ù‚Ø±ÙŠØ¨ÙŠÙ†
job.add_job.people_nearby.description,"Show applicant close to your company or a specific city, or cities first.",Ø£Ø¸Ù‡Ø± Ø§Ù„Ù…ØªÙ‚Ø¯Ù…ÙŠÙ† Ø§Ù„Ù‚Ø±ÙŠØ¨ÙŠÙ† Ù…Ù† Ù…Ù‚Ø± Ø´Ø±ÙƒØªÙƒ Ø£Ùˆ Ù…Ø¯ÙŠÙ†Ø© Ù…Ø­Ø¯Ø¯Ø© Ø£Ùˆ Ø¹Ø¯Ø¯Ø© Ù…Ø¯Ù† Ø£ÙˆÙ„Ø§.
job.add_job.people_nearby.sub_title,"Show applicant close to your company or a specific city, or cities first.",Ø£Ø¸Ù‡Ø± Ø§Ù„Ù…ØªÙ‚Ø¯Ù…ÙŠÙ† Ø§Ù„Ù‚Ø±ÙŠØ¨ÙŠÙ† Ù…Ù† Ù…Ù‚Ø± Ø´Ø±ÙƒØªÙƒ Ø£Ùˆ Ù…Ø¯ÙŠÙ†Ø© Ù…Ø­Ø¯Ø¯Ø© Ø£Ùˆ Ø¹Ø¯Ø¯Ø© Ù…Ø¯Ù† Ø£ÙˆÙ„Ø§.
job.add_job.filter.age.value,Age,Ø§Ù„Ø¹Ù…Ø±
job.add_job.filter.gender.value,Gender,Ø§Ù„Ø¬Ù†Ø³
job.add_job.filter.nationality.value,Nationality,Ø§Ù„Ø¬Ù†Ø³ÙŠØ©
job.add_job.filter.lvl_education.value,Level of education,Ù…Ø³ØªÙˆÙ‰ Ø§Ù„ØªØ¹Ù„ÙŠÙ…
job.add_job.filter.univeristy.value,University,Ø§Ù„Ø¬Ø§Ù…Ø¹Ø©
job.add_job.filter.students.value,Show students only,Ù‚Ù… Ø¨Ø¥Ø¸Ù‡Ø§Ø± Ø§Ù„Ø·Ù„Ø§Ø¨ ÙÙ‚Ø·
job.add_job.filter.age.btween,btween,Ø¨ÙŠÙ†
job.add_job.filter.age.and,and,Ùˆ
job.add_job.filter.gender.is,is,ÙŠÙƒÙˆÙ†
job.add_job.filter.nationality.is_any_of,Is any of,Ø§ÙŠ Ù…Ù†
job.add_job.filter.lvl_education.is_min,is mimimum,ÙƒØ­Ø¯ Ø§Ø¯Ù†Ù‰
job.add_job.filter.students.value,Candidates must be students to be approved on this job,ÙŠØ¬Ø¨ Ø¹Ù„Ù‰ Ø§Ù„Ù…ØªÙ‚Ø¯Ù…ÙŠÙ† Ø£Ù† ÙŠÙƒÙˆÙ†ÙˆÙ† Ø·Ù„Ø§Ø¨ Ø­ØªÙ‰ ÙŠØªÙ… Ù‚Ø¨ÙˆÙ„Ù‡Ù… Ø¹Ù„Ù‰ Ù‡Ø°Ù‡ Ø§Ù„ÙˆØ¸ÙŠÙØ©
job.add_job.people_nearby.placeholder,Select city,Ù‚Ù… Ø¨Ø§Ø®ØªÙŠØ§Ø± Ù…Ø¯ÙŠÙ†Ù‡ 
job.add_job.people_nearby.plus,Plus,Ø¨Ø§Ù„Ø§Ø¶Ø§ÙØ©
job.add_job.people_nearby.km_around,KM around,ÙƒÙŠÙ„Ùˆ Ù…ØªØ± Ø­ÙˆÙ„Ù‡
job.add_job.questionnaire.title,Selection tool,Ø£Ø¯Ø§Ø© Ø§Ù„Ø§Ø³ØªØ¨ÙŠØ§Ù†
job.add_job.questionnaire.description,"Ask questions with one selection allowed or multiple. Examples: Yes/No, Selecting profissional certificates, making a personal test or technical quiz â€¦etc. Also, apply filters based on answers.","Ù‚Ù… Ø¨Ø·Ø±Ø­ Ø§Ù„Ø£Ø³Ø¦Ù„Ù‡ Ø§Ø®ØªÙŠØ§Ø± Ù…ØªØ¹Ø¯Ø¯ Ø£Ùˆ Ø§Ø®ØªÙŠØ§Ø± ÙˆØ§Ø­Ø¯. Ù…Ø«Ù„Ø§ : Ù†Ø¹Ù…/Ù„Ø§ , Ø§Ø®ØªÙŠØ§Ø± Ø§Ù„Ø´Ù‡Ø§Ø¯Ø§Øª Ø§Ù„Ø§Ø­ØªØ±Ø§ÙÙŠÙ‡ Ø£Ùˆ Ø§Ø¹Ø¯Ø§Ø¯ Ø§Ø®ØªØ¨Ø§Ø±Ø§Øª Ø´Ø®ØµÙŠÙ‡ Ø£Ùˆ Ø§Ø®ØªØ¨Ø§Ø±Ø§Øª ÙÙ†ÙŠØ©... Ø§Ù„Ø®. ÙƒÙ…Ø§ ÙŠÙ…ÙƒÙ†Ùƒ ØªØµÙÙŠØ© Ø§Ù„Ù…Ø±Ø´Ø­ÙŠÙ† Ø¨Ù†Ø§Ø¡ Ø¹Ù„Ù‰ Ø§Ø¬Ø§Ø¨Ø§ØªÙ‡Ù…."
job.add_job.questionnaire.question_placeholder,Type the question here ...,Ù‚Ù… Ø¨ÙƒØªØ§Ø¨Ø© Ø§Ù„Ø³Ø¤Ø§Ù„ Ù‡Ù†Ø§...
job.add_job.questionnaire.options_placeholder,Option,Ø®ÙŠØ§Ø±
job.add_job.questionnaire.options_head.answer,Answer,Ø§Ù„Ø¬ÙˆØ§Ø¨
job.add_job.questionnaire.options_head.approved_answer,Approved answer,Ø§Ù„Ø¥Ø¬Ø§Ø¨Ø© Ø§Ù„Ù…Ù‚Ø¨ÙˆÙ„Ø©
job.add_job.questionnaire.options_head.remove,Remove,Ø­Ø°Ù
job.add_job.questionnaire.multiple_select,Allow multiple select,Ø§Ù„Ø³Ù…Ø§Ø­ Ø¨Ø§Ù„Ø§Ø®ØªÙŠØ§Ø± Ø§Ù„Ù…ØªØ¹Ø¯Ø¯
job.add_job.questionnaire.candidate_lastone,"To pass, candidate must select at last one approved answer",Ù„Ù„ØªØ£Ù‡Ù„ØŒ ÙŠØ¬Ø¨ Ø¹Ù„Ù‰ Ø§Ù„Ù…ØªÙ‚Ø¯Ù… Ø§Ø®ØªÙŠØ§Ø± Ø¬ÙˆØ§Ø¨ Ù…Ù‚Ø¨ÙˆÙ„ ÙˆØ§Ø­Ø¯ Ø¹Ù„Ù‰ Ø§Ù„Ø£Ù‚Ù„.
job.add_job.questionnaire.candidate_selectall,"To pass, candidate must select all approved answer",Ù„Ù„ØªØ£Ù‡Ù„ØŒ ÙŠØ¬Ø¨ Ø¹Ù„Ù‰ Ø§Ù„Ù…ØªÙ‚Ø¯Ù… Ø§Ø®ØªÙŠØ§Ø± Ø¬Ù…ÙŠØ¹ Ø§Ù„Ø¥Ø¬Ø§Ø¨Ø§Øª Ø§Ù„Ù…Ù‚Ø¨ÙˆÙ„Ø©.
job.add_job.selection.title,,
job.add_job.selection.description,,
job.add_job.selection.minimum_score,Minimum accepted score,Ø£Ù‚Ù„ Ù†ØªÙŠØ¬Ù‡ Ù…Ù‚Ø¨ÙˆÙ„Ù‡
job.add_job.video.title,Video uploading tool,Ø£Ø¯Ø§Ù‡ Ø§Ø±ÙØ§Ù‚ Ø§Ù„ÙÙŠØ¯ÙŠÙˆ
job.add_job.video.description,"Want to see your candidates ?Ask them to record a video + write some instructions to them explaining what you want them to say. Note that , maximum 5 min is allowed.",ØªÙˆØ¯ Ø±Ø¤ÙŠØ© Ø§Ù„Ù…Ø±Ø´Ø­ÙŠÙ† ØŸ Ù‚Ù… Ø¨Ø·Ù„Ø¨ ØªØ³Ø¬ÙŠÙ„ ÙÙŠØ¯ÙŠÙˆ Ø®Ø§Øµ Ø¨Ù‡Ù… + Ø£ÙƒØªØ¨ ØªØ¹Ù„ÙŠÙ…Ø§Øª Ù„Ø´Ø±Ø­ Ù…Ø§Ø°Ø§ ØªÙˆØ¯ Ù…Ù†Ù‡Ù…. Ù…Ø¹ Ù…Ù„Ø§Ø­Ø¸Ø© Ø§Ù† Ø§Ù„Ø­Ø¯ Ø§Ù„Ø£Ø¹Ù„Ù‰ Ù„Ù„ÙÙŠØ¯ÙŠÙˆ Ù‡Ùˆ 5 Ø¯Ù‚Ø§Ø¦Ù‚
,,
job.detail.deselect_all,Deselect all,Ø§Ù„ØºØ§Ø¡ Ø§Ø®ØªÙŠØ§Ø± Ø§Ù„ÙƒÙ„
job.detail.select_all,Select all,Ø£Ø®ØªÙŠØ§Ø± Ø§Ù„ÙƒÙ„
job.detail.category.all_candidates,All candidates,Ø¬Ù…ÙŠØ¹ Ø§Ù„Ù…ØªÙ‚Ø¯ÙŠÙ…Ù†
job.detail.category.your_list,Your list,Ù‚Ø§Ø¦Ù…ØªÙƒ
job.detail.category.non_filtered,All candidates - Smart filter not activated,Ø¬Ù…ÙŠØ¹ Ø§Ù„Ù…ØªÙ‚Ø¯ÙŠÙ…Ù† - Ù„Ù… ÙŠØªÙ… ØªÙ†Ø´ÙŠØ· Ø§Ù„ÙÙ„ØªØ±Ø© Ø§Ù„Ø°ÙƒÙŠØ©
job.detail.category.qualifield,Qualified - Smart filter,Ø§Ù„Ù…Ø¤Ù‡Ù„ÙŠ - ÙÙ„ØªØ± Ø°ÙƒÙŠ
job.detail.category.not_qualified,Not qualified - Smart filter,ØºÙŠØ± Ù…Ø¤Ù‡Ù„ - ÙÙ„ØªØ± Ø°ÙƒÙŠ
job.detail.category.add_new_list,Add new list,Ø§Ø¶Ø§ÙØ© Ù‚Ø§Ø¦Ù…Ø© Ø¬Ø¯ÙŠØ¯Ø©
job.detail.move_to,Move to:,Ù†Ù‚Ù„ Ø¥Ù„Ù‰:
job.detail.quick_contact,Quick communication:,ØªÙˆØ§ØµÙ„ Ø³Ø±ÙŠØ¹
job.detail.send_email,Send email to {{email}},Ø§Ø±Ø³Ø§Ù„ Ø¨Ø±ÙŠØ¯ Ø§Ù„ÙƒØªØ±ÙˆÙ†ÙŠ Ø§Ù„Ù‰ {{email}}
job.detail.basic_filter,Candidate specification,Ù…ÙˆØ§ØµÙØ§Øª Ø§Ù„Ù…Ø±Ø´Ø­
job.detail.feedback,Results,Ø§Ù„Ù†ØªØ§Ø¦Ø¬
job.detail.evaluation,Evaluation,ØªÙ‚ÙŠÙŠÙ…
job.detail.checklist,Questionnaire,Ù‚Ø§Ø¦Ù…Ù‡ Ù…Ù‡Ø§Ù…
job.detail.cover_letter,Cover letter,Ø®Ø·Ø§Ø¨ ØªÙ‚Ø¯ÙŠÙ…ÙŠ
job.detail.file_head.preview,Preview,Ù…Ø¹Ø§ÙŠÙ†Ù‡
job.detail.file_head.attach,Attachments,Ø§Ù„Ù…Ø±ÙÙ‚Ø§Øª
job.detail.file_head.download,Download,ØªØ­Ù…ÙŠÙ„
,,
user_plan.options.free.only_extra,Only pay for extra services,ÙÙ‚Ø· ØŒ Ø§Ø¯ÙØ¹ Ù„Ù„Ø®Ø¯Ù…Ø§Øª Ø§Ù„Ø§Ø¶Ø§ÙÙŠØ©
user_plan.options.days,{{day}} days,{{day}} Ø£ÙŠØ§Ù…
user_plan.options.free.extra_fees,Extra fees (Optional),Ø±Ø³ÙˆÙ… Ø§Ø¶Ø§ÙÙŠÙ‡ (Ø­Ø³Ø¨ Ø§Ù„Ø§Ø®ØªÙŠØ§Ø±)
user_plan.options.free.price_start,Pricing starts with {{price}} SAR,Ø§Ù„Ø§Ø³Ø¹Ø§Ø± ØªØ¨Ø¯Ø£ Ù…Ù† {{price}} Ø±ÙŠØ§Ù„ Ø³Ø¹ÙˆØ¯ÙŠ
user_plan.options.per_year,per year,Ù„Ù…Ø¯Ø© 12 Ø´Ù‡Ø±
user_plan.values.posting,Unlimited number of job posts,Ø¹Ø¯Ø¯ ØºÙŠØ± Ù…Ø­Ø¯ÙˆØ¯ Ù…Ù† Ø§Ù„Ø¥Ø¹Ù„Ø§Ù†Ø§Øª Ø§Ù„ÙˆØ¸ÙŠÙÙŠØ©
user_plan.values.period,Period of post,Ù…Ø¯Ù‡ Ø§Ù„Ø§Ø¹Ù„Ø§Ù†
user_plan.values.company_page,Building your company career page,Ø¨Ù†Ø§Ø¡ Ù…ÙˆÙ‚Ø¹ ØªÙˆØ¸ÙŠÙ Ø®Ø§Øµ Ù„Ø´Ø±ÙƒØªÙƒ
user_plan.values.co_workers,Inviting Co-workers,Ù‚Ù… Ø¨Ø¯Ø¹ÙˆÙ‡ Ø²Ù…Ù„Ø§Ø¡Ùƒ
user_plan.values.comment_app,Ability to comment on applications and CVs,Ø§Ù„Ù‚Ø¯Ø±Ù‡ Ø¹Ù„Ù‰ ÙƒØªØ§Ø¨Ù‡ Ø§Ù„Ù…Ù„Ø§Ø­Ø¸Ø§Øª Ø¹Ù„Ù‰ Ø§Ù„Ø·Ù„Ø¨Ø§Øª Ø§Ù„ÙˆØ§Ø±Ø¯Ø© ÙˆØ§Ù„Ø³ÙŠØ± Ø§Ù„Ø°Ø§ØªÙŠØ©
user_plan.values.hr_tools,"More tools: Online videos, Sort, Filter, Evaluate and Get more information about candidates",Ø£Ø¯ÙˆØ§Øª Ø§Ø¶Ø§ÙÙŠØ© : ÙÙŠØ¯ÙŠÙˆ Ø§ÙˆÙ†Ù„Ø§Ù† ØŒ ÙØ±Ø² ØŒ ØªÙ‚ÙŠÙŠÙ… ØŒ ÙÙ„ØªØ±Ø© ÙˆØ§Ù„Ø­ØµÙˆÙ„ Ø¹Ù„Ù‰ Ø§Ù„Ù…Ø²ÙŠØ¯ Ù…Ù† Ø§Ù„Ø¨ÙŠØ§Ù†Ø§Øª Ø¹Ù† Ø§Ù„Ù…Ø±Ø´Ø­ÙŠÙ†
,,
verify.verify_mobile_title,Verify your mobile,Ù‚Ù… Ø¨ØªÙˆØ«ÙŠÙ‚ Ø±Ù‚Ù… Ø§Ù„Ø¬ÙˆØ§Ù„ 
verify.proofing_document_title,Upload Proofing Documents,Ù‚Ù… Ø¨Ø±ÙØ¹ Ø§Ù„Ù…Ø³ØªÙ†Ø¯Ø§Øª Ø§Ù„Ø¯Ø§Ø¹Ù…Ø©
verify.add_document,Add document,Ø§Ø¶Ø§ÙØ© Ù…Ø³ØªÙ†Ø¯
,,
modal.apply.title,Apply,ØªÙ‚Ø¯ÙŠÙ…
modal.apply.step1.title,Downoad â€œFursatakâ€ app,"Ù‚Ù… Ø¨ØªØ­Ù…ÙŠÙ„ ØªØ·Ø¨ÙŠÙ‚ "" ÙØ±ØµØªÙƒ"""
modal.apply.step2.title,Enter this link,Ù‚Ù… Ø¨Ø§Ø¯Ø®Ø§Ù„ Ù‡Ø°Ø§ Ø§Ù„Ø±Ø§Ø¨Ø·
modal.custom_category.title,Add custom category,Ø§Ø¶Ø§ÙØ© ØªØµÙ†ÙŠÙ Ù…Ø®ØµØµ
modal.add_address.title,Add company address,Ù‚Ù… Ø¨Ø§Ø¶Ø§ÙÙ‡ Ø¹Ù†ÙˆØ§Ù† Ø§Ù„Ø´Ø±ÙƒÙ‡
,,
input.email.label,Email,Ø§Ù„Ø¨Ø±ÙŠØ¯ Ø§Ù„Ø§Ù„ÙƒØªØ±ÙˆÙ†ÙŠ
input.email.placeholder,Email,Ø§Ù„Ø¨Ø±ÙŠØ¯ Ø§Ù„Ø§Ù„ÙƒØªØ±ÙˆÙ†ÙŠ
input.password.label,Password,ÙƒÙ„Ù…Ø© Ø§Ù„Ù…Ø±ÙˆØ±
input.password.placeholder,Password,ÙƒÙ„Ù…Ø© Ø§Ù„Ù…Ø±ÙˆØ±
input.re_password.label,Repeat password,Ø§Ø¹Ø§Ø¯Ø© ÙƒÙ„Ù…Ø© Ø§Ù„Ù…Ø±ÙˆØ±
input.re_password.placeholder,Repeat password,Ø§Ø¹Ø§Ø¯Ø© ÙƒÙ„Ù…Ø© Ø§Ù„Ù…Ø±ÙˆØ±
input.input.avatar_placeholder,Upload company logo,Ø±ÙØ¹ Ø´Ø¹Ø§Ø± Ø§Ù„Ø´Ø±ÙƒÙ‡
input.input.company_name.label,Company name,Ø§Ø³Ù… Ø§Ù„Ø´Ø±ÙƒÙ‡
input.input.company_name.placeholder,Copany name,Ø§Ø³Ù… Ø§Ù„Ø´Ø±ÙƒÙ‡
input.input.web_site.label,Website (optional),Ø§Ù„Ù…ÙˆÙ‚Ø¹ Ø§Ù„Ø§Ù„ÙƒØªØ±ÙˆÙ†ÙŠ (Ø§Ø®ØªÙŠØ§Ø±ÙŠ)
input.input.web_site.placeholder,Website (optional),Ø§Ù„Ù…ÙˆÙ‚Ø¹ Ø§Ù„Ø§Ù„ÙƒØªØ±ÙˆÙ†ÙŠ (Ø§Ø®ØªÙŠØ§Ø±ÙŠ)
input.business_field.label,Field of business,Ù…Ø¬Ø§Ù„ Ø§Ù„Ø¹Ù…Ù„
input.business_field.placeholder,Field of business,Ù…Ø¬Ø§Ù„ Ø§Ù„Ø¹Ù…Ù„
input.number_employer.label,Size of Company,Ø­Ø¬Ù… Ø§Ù„Ø´Ø±ÙƒØ©
input.number_employer.placeholder,How many employees working with you ?,ÙƒÙ… Ø¹Ø¯Ø¯ Ø§Ù„Ù…ÙˆØ¸ÙÙŠÙ† Ø§Ù„Ø°ÙŠÙ† ÙŠØ¹Ù…Ù„ÙˆÙ† Ù…Ø¹Ùƒ ØŸ
input.about_business.label,Tell us about your business (company profile),Ø£Ø®Ø¨Ø±Ù†Ø§ Ø¹Ù† Ù†Ø´Ø§Ø·Ùƒ (Ø§Ù„Ù…Ù„Ù Ø§Ù„ØªØ¹Ø±ÙŠÙÙŠ Ù„Ù„Ø´Ø±ÙƒØ©)
input.about_business.placeholder,Tell us about your business (company profile),Ø£Ø®Ø¨Ø±Ù†Ø§ Ø¹Ù† Ù†Ø´Ø§Ø·Ùƒ (Ø§Ù„Ù…Ù„Ù Ø§Ù„ØªØ¹Ø±ÙŠÙÙŠ Ù„Ù„Ø´Ø±ÙƒØ©)
input.first_name.label,Your first name,Ø§Ù„Ø§Ø³Ù… Ø§Ù„Ø§ÙˆÙ„
input.first_name.placeholder,Your first name,Ø§Ù„Ø§Ø³Ù… Ø§Ù„Ø§ÙˆÙ„
input.last_name.label,Your last name,Ø§Ø³Ù… Ø§Ù„Ø¹Ø§Ø¦Ù„Ù‡
input.last_name.placeholder,Your last name,Ø§Ø³Ù… Ø§Ù„Ø¹Ø§Ø¦Ù„Ù‡
input.position.label,Your position at {{companyName}},Ù…Ø³Ù…Ø§Ùƒ Ø§Ù„ÙˆØ¸ÙŠÙÙŠ Ù„Ø¯Ù‰ {{companyName}}
input.position.placeholder,Your position at {{companyName}},Ù…Ø³Ù…Ø§Ùƒ Ø§Ù„ÙˆØ¸ÙŠÙÙŠ Ù„Ø¯Ù‰ {{companyName}}
input.mobile.label,Mobile number,Ø±Ù‚Ù… Ø§Ù„Ø¬ÙˆØ§Ù„
input.mobile.placeholder,Mobile number,Ø±Ù‚Ù… Ø§Ù„Ø¬ÙˆØ§Ù„
input.add_job.email_title,Type the email,Ø£ÙƒØªØ¨ Ø§Ù„Ø¨Ø±ÙŠØ¯ Ø§Ù„Ø§Ù„ÙƒØªØ±ÙˆÙ†ÙŠ
input.add_job.email_subtitle,That candidates can send their CVâ€™s to,Ù„Ø¥Ø³ØªÙ‚Ø¨Ø§Ù„ Ø§Ù„Ø³ÙŠØ± Ø§Ù„Ø°Ø§ØªÙŠØ© Ø¹Ù„ÙŠÙ‡
input.add_job.link_title,Type the link,Ø§ÙƒØªØ¨ Ø§Ù„Ø±Ø§Ø¨Ø·
input.add_job.link_subtitle,That candidates can go and apply,Ù„ØªØ­ÙˆÙŠÙ„ Ø§Ù„Ù…ØªÙ‚Ø¯Ù…ÙŠÙ† Ø§Ù„ÙŠÙ‡
input.add_job.job_title,Job title,Ø§Ù„Ù…Ø³Ù…Ù‰ Ø§Ù„ÙˆØ¸ÙŠÙÙŠ
input.add_job.job_subtitle,"(Such as : Accountant , Safety Engineer , or Marketing Manager )","(Ù…Ø«Ø§Ù„: ØµÙŠØ¯Ù„ÙŠ ,Ù…Ù‡Ù†Ø¯Ø³ Ø³Ù„Ø§Ù…Ù‡ Ø§Ùˆ Ù…Ø¯ÙŠØ± Ù…Ø¨ÙŠØ¹Ø§Øª ..Ø§Ù„Ø®) "
input.add_job.job_category,Category of the job,ØªØµÙ†ÙŠÙ Ø§Ù„ÙˆØ¸ÙŠÙØ©
input.add_job.job_hiring_date,Expected hiring date,ØªØ§Ø±ÙŠØ® Ø§Ù„ØªÙˆØ¸ÙŠÙ Ø§Ù„Ù…ØªÙˆÙ‚Ø¹ 
input.add_job.job_hiring_date_subtitle,"If you are not sure pick maximum date. Remember, candidates need to know how long they going to wait !",Ø§Ø°Ø§ Ù„Ù… ØªÙƒÙ† Ù…ØªØ§ÙƒØ¯Ø§ Ù…Ù† Ø§Ù„ØªØ§Ø±ÙŠØ® ØŒ Ø§Ø®ØªØ± Ø§Ù‚ØµÙ‰ ØªØ§Ø±ÙŠØ® Ù…ØªÙˆÙ‚Ø¹. ØªØ°ÙƒØ± Ø£Ù† : Ø§Ù„Ù…ØªÙ‚Ø¯Ù…ÙŠÙ† ÙŠØ±ÙŠØ¯ÙˆÙ† Ù…Ø¹Ø±ÙÙ‡ ÙØªØ±Ù‡ Ø§Ù†ØªØ¸Ø§Ø±Ù‡Ù… Ù„Ù„Ø­ØµÙˆÙ„ Ø¹Ù„Ù‰ Ø§Ù„Ø±Ø¯ !
input.add_job.online_job.label,Online,Ø£ÙˆÙ†Ù„Ø§ÙŠÙ†
input.add_job.job_type,Type of contract,Ù†ÙˆØ¹ Ø§Ù„Ø¹Ù‚Ø¯
input.add_job.job_hrdf_support,Is this job supported by HRDF (Taqat) ?,Ù‡Ù„ Ù‡Ø°Ù‡ Ø§Ù„ÙˆØ¸ÙŠÙØ© Ù…Ø¯Ø¹ÙˆÙ…Ø© Ù…Ù† ØµÙ†Ø¯ÙˆÙ‚ Ù‡Ø¯Ù (Ø·Ø§Ù‚Ø§Øª) ØŸ
input.add_job.job_salary,Salary,Ø§Ù„Ø±Ø§ØªØ¨
input.add_job.job_salary_subtitle,"(You can write somthing like: 6000-8000 SAR , Negotiable or 50 SAR/hour)",(ØªØ³ØªØ·ÙŠØ¹ ÙƒØªØ§Ø¨Ù‡ Ù…Ø¨Ù„Øº Ù…Ø«Ù„ 6000-8000 Ø±ÙŠØ§Ù„ Ø³Ø¹ÙˆØ¯ÙŠ Ø§Ùˆ 50 Ø±ÙŠØ§Ù„ Ø³Ø¹ÙˆØ¯ÙŠ/ Ø³Ø§Ø¹Ù‡ Ø§Ùˆ Ù‚Ø§Ø¨Ù„ Ù„Ù„ØªÙØ§ÙˆØ¶)
input.add_job.location,Location of work,Ù…ÙˆÙ‚Ø¹ Ø§Ù„Ø¹Ù…Ù„
input.add_job.basic_filter.placeholder,Select filter,Ø§Ø®ØªØ± ÙÙ„ØªØ±
input.mobile_number_for_smscode.label,Phone,Ø§Ù„Ù‡Ø§ØªÙ 
input.mobile_number_for_smscode.placeholder,Enter your mobile number,Ù‚Ù… Ø¨ÙƒØªØ§Ø¨Ù‡ Ø±Ù‚Ù… Ø¬ÙˆØ§Ù„Ùƒ
input.custom_category.name.label,Category name,Ø§Ø³Ù… Ø§Ù„ØªØµÙ†ÙŠÙ
input.custom_category.name.placeholder,Category name,Ø§Ø³Ù… Ø§Ù„ØªØµÙ†ÙŠÙ
input.custom_category.category_type.label,Category type,Ù†ÙˆØ¹ Ø§Ù„ØªØµÙ†ÙŠÙ
input.custom_category.category_type.placeholder,Select category type,Ù‚Ù… Ø¨Ø§Ø®ØªÙŠØ§Ø± Ù†ÙˆØ¹ Ø§Ù„ØªØµÙ†ÙŠÙ
input.add_address.region.placeholder,Select region,Ø§Ø®ØªØ± Ø§Ù„Ù…Ù†Ø¸Ù‚Ù‡ 
input.add_address.governorate.placeholder,Select city,Ø§Ø®ØªØ± Ø§Ù„Ù…Ø¯ÙŠÙ†Ø©
input.add_address.address.label,Address,Ø§Ù„Ø¹Ù†ÙˆØ§Ù†
input.add_address.address.placeholder,Type address,Ù†ÙˆØ¹ Ø§Ù„Ø¹Ù†ÙˆØ§Ù† 
,,
button.login,Login,ØªØ³Ø¬ÙŠÙ„ Ø¯Ø®ÙˆÙ„ 
button.reset,Reset,Ø§Ø¹Ø§Ø¯Ù‡ Ø¶Ø¨Ø·
button.goto_main,Go to main page,Ø§Ø°Ù‡Ø¨ Ø§Ù„Ù‰ Ø§Ù„ØµÙØ­Ù‡ Ø§Ù„Ø±Ø¦ÙŠØ³ÙŠÙ‡
button.goto_login,Go to login,Ø§Ø°Ù‡Ø¨ Ø§Ù„Ù‰ ØªØ³Ø¬ÙŠÙ„ Ø§Ù„Ø¯Ø®ÙˆÙ„
button.update,Update,ØªØ­Ø¯ÙŠØ«
button.resend,Resend,Ø§Ø¹Ø§Ø¯Ù‡ Ø§Ø±Ø³Ø§Ù„
button.registration,Registration,ØªØ³Ø¬ÙŠÙ„
button.extend_subscription,Extend subsicription,ØªÙ…Ø¯ÙŠØ¯ Ø§Ù„Ø§Ø´ØªØ±Ø§Ùƒ
button.buy_now,Buy it now,Ù‚Ù… Ø¨Ø§Ù„Ø´Ø±Ø§Ø¡ Ø§Ù„Ø§Ù†
button.see_features,See features,Ø§Ù†Ø¸Ø± Ø§Ù„Ù‰ Ø§Ù„Ù…Ø²Ø§ÙŠØ§
button.logout,Log out,ØªØ³Ø¬ÙŠÙ„ Ø§Ù„Ø®Ø±ÙˆØ¬
button.add_new_post,Add new post,Ù‚Ù… Ø¨Ø§Ø¶Ø§ÙÙ‡ Ø§Ø¹Ù„Ø§Ù† Ø¬Ø¯ÙŠØ¯ 
button.next,Next Step,Ø§Ù„Ø®Ø·ÙˆÙ‡ Ø§Ù„ØªØ§Ù„ÙŠÙ‡
button.prev,Previous Step,Ø§Ù„Ø®Ø·ÙˆÙ‡ Ø§Ù„Ø³Ø§Ø¨Ù‚Ù‡
button.new_location,Add a new location,Ù‚Ù… Ø¨Ø§Ø¶Ø§ÙÙ‡ Ø¹Ù†ÙˆØ§Ù† Ø¬Ø¯ÙŠØ¯
button.add,Add,Ø§Ø¶Ø§ÙÙ‡
button.remove,Remove,Ø­Ø°Ù
button.add_more,Add more,Ø§Ø¶Ø§ÙÙ‡ Ø§Ù„Ù…Ø²ÙŠØ¯
button.add_other_options,Add other options,Ø§Ø¶Ø§ÙÙ‡ Ø®ÙŠØ§Ø±Ø§Øª Ø§Ø®Ø±Ù‰
button.add_job,Add job,Ø§Ø¶Ø§ÙÙ‡ ÙˆØ¸ÙŠÙÙ‡
button.select_all,Select All,Ø§Ø®ØªÙŠØ§Ø± Ø§Ù„ÙƒÙ„
button.unselect_all,Unselect All,Ø¥Ù„ØºØ§Ø¡ Ø§Ø®ØªÙŠØ§Ø± Ø§Ù„ÙƒØ§Ù„
button.current_plan,Current plan,Ø§Ù„Ø®Ø·Ù‡ Ø§Ù„Ø­Ø§Ù„ÙŠÙ‡
button.choose_plan,Choose this plan,Ø§Ø®ØªØ± Ù‡Ø°Ù‡ Ø§Ù„Ø®Ø·Ø©
button.resend_email,Resend email,Ø§Ø¹Ø§Ø¯Ù‡ Ø§Ø±Ø³Ø§Ù„ Ø§Ù„Ø¨Ø±ÙŠØ¯ Ø§Ù„Ø§Ù„ÙƒØªØ±ÙˆÙ†ÙŠ
button.send_code,Send code,Ø§Ø±Ø³Ø§Ù„ Ø§Ù„Ø±Ù…Ø²
button.send_again,Send again,Ø§Ø¹Ø§Ø¯Ù‡ Ø§Ø±Ø³Ø§Ù„
button.done,Done,ØªÙ…
button.copy,Copy,Ù†Ø³Ø®
button.apply,Apply,ØªÙ‚Ø¯ÙŠÙ…
button.new_category,Add new category,Ø§Ø¶Ø§ÙÙ‡ ØªØµÙ†ÙŠÙ Ø¬Ø¯ÙŠØ¯
button.add_address,Add address,Ø§Ø¶Ø§ÙÙ‡ Ø¹Ù†ÙˆØ§Ù†